﻿<?xml version="1.0" encoding="utf-8" ?>
<SiteMap>
  
  <siteMapNode Code ="01"    ParentCode=""    url="Default.aspx" title="Module One"  description="" roles=""/>
  <siteMapNode Code ="0101"  ParentCode="01"  url="Default.aspx" title="Sub 0001"  description="" roles="EveryOne"></siteMapNode>
  <siteMapNode Code ="0102"  ParentCode="01"  url="Default.aspx" title="Sub 0002"  description="" roles="" />  
  <siteMapNode Code ="0103"  ParentCode="01"  url="Default.aspx" title="Sub 0003"  description="" roles="" />
  <siteMapNode Code ="0104"  ParentCode="01"  url="Default.aspx" title="Sub 0004"  description="" roles="" />

  <siteMapNode Code ="02"    ParentCode=""    url="Default.aspx" title="Module Two"  description="" roles=""/>
  <siteMapNode Code ="0201"  ParentCode="02"  url="Default.aspx" title="Sub 0001"  description="" roles="EveryOne"></siteMapNode>
  <siteMapNode Code ="0202"  ParentCode="02"  url="Default.aspx" title="Sub 0002"  description="" roles="" />
  <siteMapNode Code ="0203"  ParentCode="02"  url="Default.aspx" title="Sub 0003"  description="" roles="" />
  <siteMapNode Code ="0204"  ParentCode="02"  url="Default.aspx" title="Sub 0004"  description="" roles="" />

  <siteMapNode Code ="03"    ParentCode=""    url="Default.aspx" title="Module Three"  description="" roles=""/>
  <siteMapNode Code ="0301"  ParentCode="03"  url="Default.aspx" title="Sub 0001"  description="" roles="EveryOne"></siteMapNode>
  <siteMapNode Code ="0302"  ParentCode="03"  url="Default.aspx" title="Sub 0002"  description="" roles="" />
  <siteMapNode Code ="0303"  ParentCode="03"  url="Default.aspx" title="Sub 0003"  description="" roles="" />
  <siteMapNode Code ="0304"  ParentCode="03"  url="Default.aspx" title="Sub 0004"  description="" roles="" />

  <siteMapNode Code ="04"    ParentCode=""    url="Default.aspx" title="Module Four"  description="" roles=""/>
  <siteMapNode Code ="0401"  ParentCode="04"  url="Default.aspx" title="Sub 0001"  description="" roles="EveryOne"></siteMapNode>
  <siteMapNode Code ="0402"  ParentCode="04"  url="Default.aspx" title="Sub 0002"  description="" roles="" />
  <siteMapNode Code ="0403"  ParentCode="04"  url="Default.aspx" title="Sub 0003"  description="" roles="" />
  <siteMapNode Code ="0404"  ParentCode="04"  url="Default.aspx" title="Sub 0004"  description="" roles="" />

  <siteMapNode Code ="05"    ParentCode=""    url="Default.aspx" title="Module Five"  description="" roles=""/>
  <siteMapNode Code ="0501"  ParentCode="05"  url="Default.aspx" title="Sub 0001"  description="" roles="EveryOne"></siteMapNode>
  <siteMapNode Code ="0502"  ParentCode="05"  url="Default.aspx" title="Sub 0002"  description="" roles="" />
  <siteMapNode Code ="0503"  ParentCode="05"  url="Default.aspx" title="Sub 0003"  description="" roles="" />
  <siteMapNode Code ="0504"  ParentCode="05"  url="Default.aspx" title="Sub 0004"  description="" roles="" />
  
</SiteMap>